{"cameraMode":{"drawMode":0,"name":"Shaded","section":"Shading Mode"},"sceneLighting":false,"audioPlay":false,"sceneViewState":{"showFog":false,"showMaterialUpdate":false,"showSkybox":false,"showFlares":false,"showImageEffects":false,"showParticleSystems":false},"in2DMode":false,"pivot":{"x":18.063064575195314,"y":48.52752685546875,"z":16.722625732421876},"rotation":{"x":-0.3024081587791443,"y":0.2505749762058258,"z":-0.08272799104452133,"w":-0.915930449962616},"size":126.00348663330078,"orthographic":false}