{"cameraMode":{"drawMode":0,"name":"Shaded","section":"Shading Mode"},"sceneLighting":false,"audioPlay":false,"sceneViewState":{"showFog":false,"showMaterialUpdate":false,"showSkybox":false,"showFlares":false,"showImageEffects":false,"showParticleSystems":false},"in2DMode":false,"pivot":{"x":-3.3417320251464845,"y":14.704147338867188,"z":-38.361854553222659},"rotation":{"x":-0.3656628131866455,"y":0.3603065609931946,"z":-0.15612533688545228,"w":-0.8438634276390076},"size":60.09699249267578,"orthographic":false}