{"cameraMode":{"drawMode":0,"name":"Shaded","section":"Shading Mode"},"sceneLighting":true,"audioPlay":false,"sceneViewState":{"m_AlwaysRefresh":false,"showFog":true,"showSkybox":true,"showFlares":true,"showImageEffects":true,"showParticleSystems":true,"showVisualEffectGraphs":true,"m_FxEnabled":true},"in2DMode":false,"pivot":{"x":59.80828857421875,"y":7.334006309509277,"z":-63.92109680175781},"rotation":{"x":-0.004949788562953472,"y":-0.9909193515777588,"z":0.12885436415672303,"w":-0.03806344047188759},"size":0.8660253882408142,"orthographic":false}