{"cameraMode":{"drawMode":0,"name":"Shaded","section":"Shading Mode"},"sceneLighting":false,"audioPlay":false,"sceneViewState":{"showFog":true,"showMaterialUpdate":false,"showSkybox":true,"showFlares":true,"showImageEffects":true,"showParticleSystems":true},"in2DMode":false,"pivot":{"x":73.19127655029297,"y":-10.316402435302735,"z":-17.726009368896486},"rotation":{"x":-0.1812283843755722,"y":0.5699902176856995,"z":-0.13064250349998475,"w":-0.7906956076622009},"size":38.852210998535159,"orthographic":false}