{"cameraMode":{"drawMode":0,"name":"Shaded","section":"Shading Mode"},"sceneLighting":false,"audioPlay":false,"sceneViewState":{"showFog":true,"showMaterialUpdate":false,"showSkybox":true,"showFlares":true,"showImageEffects":true,"showParticleSystems":true},"in2DMode":false,"pivot":{"x":82.42863464355469,"y":-0.35550642013549807,"z":-23.641483306884767},"rotation":{"x":-0.1300303339958191,"y":0.6132139563560486,"z":-0.10324937850236893,"w":-0.7722693085670471},"size":10.201995849609375,"orthographic":false}